Organisation Name,Email,Website,State/Region,Type
Australian Conservation Foundation (ACF),contactus@acf.org.au,https://www.acf.org.au,National,Environmental Advocacy
The Wilderness Society (National),enquiries@wilderness.org.au,https://wilderness.org.au,National,Environmental Advocacy
The Wilderness Society (Victoria),victoria@wilderness.org.au,https://wilderness.org.au,VIC,Environmental Advocacy
The Wilderness Society (Sydney/NSW),sydney@wilderness.org.au,https://wilderness.org.au,NSW,Environmental Advocacy
The Wilderness Society (Brisbane/QLD),brisbane@wilderness.org.au,https://wilderness.org.au,QLD,Environmental Advocacy
The Wilderness Society (WA),wa@wilderness.org.au,https://wilderness.org.au,WA,Environmental Advocacy
Friends of the Earth Australia,foe@foe.org.au,https://www.foe.org.au,National (VIC),Environmental Advocacy
Nature Conservation Council of NSW,ncc@nature.org.au,https://www.nature.org.au,NSW,Conservation Council
Conservation Council ACT Region,office.manager@conservationcouncil.org.au,https://conservationcouncil.org.au,ACT,Conservation Council
Conservation Council SA,general@conservationsa.org.au,https://www.conservationsa.org.au,SA,Conservation Council
Conservation Council of WA (CCWA),conswa@ccwa.org.au,https://www.ccwa.org.au,WA,Conservation Council
Queensland Conservation Council,nicky.moffat@qldconservation.org.au,https://www.queenslandconservation.org.au,QLD,Conservation Council
North Queensland Conservation Council,coordinator@nqcc.org.au,https://www.nqcc.org.au,QLD,Conservation Council
Environment Centre NT,ecnt@ecnt.org.au,https://www.ecnt.org.au,NT,Conservation Council
Environment Tasmania,admin@et.org.au,https://www.et.org.au,TAS,Conservation Council
Tasmanian Conservation Trust,info@tasconservation.org.au,https://www.tasconservation.org.au,TAS,Environmental Advocacy
Victorian National Parks Association (VNPA),vnpa@vnpa.org.au,https://vnpa.org.au,VIC,Environmental Advocacy
National Parks Association of NSW,npansw@npansw.org.au,https://npansw.org.au,NSW,Environmental Advocacy
Invasive Species Council,info@invasives.org.au,https://invasives.org.au,National,Environmental Advocacy
BirdLife Australia,support@birdlife.org.au,https://birdlife.org.au,National,Environmental Advocacy
Wentworth Group of Concerned Scientists,information@wentworthgroup.org,https://wentworthgroup.org,National,Environmental Science/Policy
Australian Land Conservation Alliance (ALCA),info@alca.org.au,https://alca.org.au,National,Land Conservation
Bush Heritage Australia,info@bushheritage.org.au,https://www.bushheritage.org.au,National,Land Conservation
Trust for Nature (Victoria),trustfornature@tfn.org.au,https://trustfornature.org.au,VIC,Land Conservation
Greening Australia,info@greeningaustralia.org.au,https://www.greeningaustralia.org.au,National,Environmental Restoration
Tasmanian Land Conservancy,info@tasland.org.au,https://tasland.org.au,TAS,Land Conservation
Landcare Victoria Inc.,info@landcarevictoria.org.au,https://www.landcarevictoria.org.au,VIC,Landcare Network
Landcare NSW,enquiry@landcarensw.org.au,https://landcarensw.org.au,NSW,Landcare Network
Landcare Association of South Australia,execofficer@landcaresa.asn.au,https://landcaresa.asn.au,SA,Landcare Network
Landcare Tasmania,support@landcaretas.org.au,https://www.landcaretas.org.au,TAS,Landcare Network
WA Landcare Network,enquiries@landcarewa.org.au,https://www.landcarewa.org.au,WA,Landcare Network
Queensland Water and Land Carers (QWaLC),info@qwalc.org.au,https://qwalc.org.au,QLD,Landcare Network
Landcare Australia (National),enquiries@landcareaustralia.com.au,https://landcareaustralia.org.au,National,Landcare Network
Hunter Region Landcare Network,rlc@hunterlandcare.org.au,https://hunterlandcare.org.au,NSW,Landcare Network
Holbrook Landcare Network,office@holbrooklandcare.org.au,https://holbrooklandcare.org.au,NSW,Landcare Network
North Coast Regional Landcare Network (NSW),office@northcoastlandcare.org.au,https://landcare.nsw.gov.au/groups/north-coast-regional-landcare-network,NSW,Landcare Network
Landcare Illawarra,coordinator@landcareillawarra.org.au,https://landcare.nsw.gov.au/groups/landcare-illawarra-inc,NSW,Landcare Network
Connecting Country (Mount Alexander Region),hadley@connectingcountry.org.au,https://connectingcountry.org.au,VIC,Landcare Network
Vic Catchments (Executive Office),executiveofficer@viccatchments.com.au,https://viccatchments.com.au,VIC,Catchment Management
Corangamite CMA,info@ccma.vic.gov.au,https://ccma.vic.gov.au,VIC,Catchment Management
East Gippsland CMA,egcma@egcma.com.au,https://egcma.com.au,VIC,Catchment Management
North Central CMA,info@nccma.vic.gov.au,https://www.nccma.vic.gov.au,VIC,Catchment Management
Glenelg Hopkins CMA,ghcma@ghcma.vic.gov.au,https://www.ghcma.vic.gov.au,VIC,Catchment Management
Goulburn Broken CMA,reception@gbcma.vic.gov.au,https://www.gbcma.vic.gov.au,VIC,Catchment Management
Mallee CMA,info@malleecma.com.au,https://malleecma.com.au,VIC,Catchment Management
Wimmera CMA,wcma@wcma.vic.gov.au,https://wcma.vic.gov.au,VIC,Catchment Management
West Gippsland CMA,westgippy@wgcma.vic.gov.au,https://www.wgcma.vic.gov.au,VIC,Catchment Management
North East CMA,necma@necma.vic.gov.au,https://www.necma.vic.gov.au,VIC,Catchment Management
Wheatbelt NRM,rpaliskis@wheatbeltnrm.org.au,https://www.wheatbeltnrm.org.au,WA,NRM / Catchment Management
Rangelands NRM WA,debrat@rangelandswa.com.au,https://www.rangelandswa.com.au,WA,NRM / Catchment Management
SA Arid Lands Landscape Board,saaridlands@sa.gov.au,https://www.landscape.sa.gov.au/saal,SA,NRM / Catchment Management
NRM WA (General),darren.forster@nrmwa.org.au,https://www.nrmwa.org.au,WA,NRM / Catchment Management
National Rural Health Alliance (NRHA),nrha@ruralhealth.org.au,https://www.ruralhealth.org.au,National,Rural Health
RFDS Victoria,info@rfdsvic.com.au,https://www.flyingdoctor.org.au/vic,VIC,Rural Health
RFDS Federation Office (National),FederationOfficeEnquiries@rfds.org.au,https://www.flyingdoctor.org.au,National,Rural Health
RFDS NSW/ACT,enquiries@rfdsse.org.au,https://www.flyingdoctor.org.au/nswact,NSW/ACT,Rural Health
RFDS Western Australia,westops@rfdswa.com.au,https://www.flyingdoctor.org.au/wa,WA,Rural Health
RFDS SA/NT,enquiries@flyingdoctor.net,https://www.flyingdoctor.org.au,SA/NT,Rural Health
TIACS (Mental Health for Rural Workers),info@tiacs.org,https://www.tiacs.org,National (QLD),Rural Mental Health
Beyond Blue (Media/Rural),media@beyondblue.org.au,https://www.beyondblue.org.au,National,Rural Mental Health
Rural Doctors Association NSW,admin@rdansw.com.au,https://rdansw.com.au,NSW,Rural Health
Rural Doctors Association SA,eo@rdasa.com.au,https://rdasa.com.au,SA,Rural Health
CWA of NSW,info@cwaofnsw.org.au,https://www.cwaofnsw.org.au,NSW,Rural Women
CWA of South Australia (SACWA),sacwa@sacwa.org.au,https://www.sacwa.org.au,SA,Rural Women
CWA of Western Australia,info@cwaofwa.asn.au,https://www.cwaofwa.asn.au,WA,Rural Women
CWA in Tasmania,admin@cwaintasmania.com.au,https://cwaintasmania.com.au,TAS,Rural Women
Victorian Rural Women's Network,vrwnetwork@agriculture.vic.gov.au,https://agriculture.vic.gov.au/support-and-resources/networks/rural-womens-network,VIC,Rural Women
Isolated Children's Parents' Association (SA),SASecretary@icpa.com.au,https://icpa.com.au,SA,Rural Education/Families
Rural Youth (Tasmania),admin@ruralyouth.com.au,https://ruralyouth.com.au,TAS,Rural Youth
Youthrive Victoria,info@youthrivevic.org.au,https://youthrivevic.org.au,VIC,Rural Youth
Australian Rural Leadership Foundation,info@rural-leaders.org.au,https://rural-leaders.org.au,National,Rural Community Development
Foundation for Rural & Regional Renewal (FRRR),info@frrr.org.au,https://frrr.org.au,National,Rural Community Development
Country Education Foundation of Australia,info@cef.org.au,https://cef.org.au,National,Rural Education
Rural Aid Australia,disasterassistance@ruralaid.org.au,https://www.ruralaid.org.au,National,Bushfire/Emergency Recovery
Aussie Helpers,admin@aussiehelpers.org.au,https://aussiehelpers.org.au,National (QLD),Bushfire/Emergency Recovery
Natural Hazards Research Australia,info@naturalhazards.com.au,https://www.naturalhazards.com.au,National,Disaster Research/Recovery
Soils for Life,info@soilsforlife.org.au,https://soilsforlife.org.au,National (ACT),Sustainable Agriculture
Regenerative Australian Farmers,info@regenfarmers.com.au,https://regenfarmers.com.au,National,Sustainable Agriculture
Central Hills Regenerative Agriculture Group (SA),cahregenag@gmail.com,https://www.landscape.sa.gov.au/hf,SA,Sustainable Agriculture
RDA Melbourne,rda.melbourne@rdv.vic.gov.au,https://www.rdv.vic.gov.au/regional-development-australia/melbourne,VIC,Regional Development
RDA Grampians,rda.grampians@rdv.vic.gov.au,https://www.rdv.vic.gov.au/regional-development-australia/grampians,VIC,Regional Development
NSW Aboriginal Land Council,corroborate@alc.org.au,https://alc.org.au,NSW,First Nations Land Council
Central Land Council,media@clc.org.au,https://www.clc.org.au,NT,First Nations Land Council
Northern Land Council,info@nlc.org.au,https://www.nlc.org.au,NT,First Nations Land Council
Kimberley Land Council,klc@klc.org.au,https://www.klc.org.au,WA,First Nations Land Council
Victorian Aboriginal Heritage Council,vahc@dpc.vic.gov.au,https://www.aboriginalheritagecouncil.vic.gov.au,VIC,First Nations Heritage
Federation of Australian Historical Societies,admin@history.org.au,https://www.history.org.au,National,Heritage & History
Royal Historical Society of Victoria,office@historyvictoria.org.au,https://www.historyvictoria.org.au,VIC,Heritage & History
National Trust Victoria,conservation@nattrust.com.au,https://www.nationaltrust.org.au/vic,VIC,Heritage & Conservation
National Trust NSW,info@nationaltrust.com.au,https://www.nationaltrust.org.au/nsw,NSW,Heritage & Conservation
National Trust Queensland,info@nationaltrustqld.org.au,https://nationaltrustqld.org.au,QLD,Heritage & Conservation
National Trust South Australia,admin@nationaltrustsa.org.au,https://www.nationaltrust.org.au/sa,SA,Heritage & Conservation
National Trust Western Australia,trust@ntwa.com.au,https://www.ntwa.com.au,WA,Heritage & Conservation
National Trust Tasmania,admin@nationaltrusttas.org.au,https://www.nationaltrust.org.au/tas,TAS,Heritage & Conservation
Community Legal Centres Australia (National Peak),insurance@clcs.org.au,https://clcs.org.au,National,Rural Legal Services
Federation of Community Legal Centres Victoria,administration@fclc.org.au,https://www.fclc.org.au,VIC,Rural Legal Services
Rural Financial Counselling Service Vic NE,info@rfcsvicne.org.au,https://www.rfcsvicne.org.au,VIC,Rural Financial Counselling
Rural Financial Counselling Service Gippsland,support@rfcsgippsland.org.au,https://ruralfinancialcounselling.org.au,VIC,Rural Financial Counselling
AgBiz Assist (RFCS NSW),info@agbizassist.org.au,https://www.agbizassist.org.au,NSW,Rural Financial Counselling
Nature Foundation SA,info@naturefoundation.org.au,https://www.naturefoundation.org.au,SA,Land Conservation
Greening Australia NSW,nswreception@greeningaustralia.org.au,https://www.greeningaustralia.org.au,NSW,Environmental Restoration
Greening Australia SA,adl.general@greeningaustralia.org.au,https://www.greeningaustralia.org.au,SA,Environmental Restoration
Landcare SA (Coordinator),coordinator@landcaresa.asn.au,https://landcaresa.asn.au,SA,Landcare Network
